pCT14, NC_010891.1	Pseudomonas	116.07028159307418	256	57.436981664603664	edge_123
pPAG5, NZ_CP045003.1	Pseudomonas	98.24367727195093	192	36.10927891414422	edge_127
IncN_1, pGMI17-001_1, NZ_CP028173.1	Pseudomonas	60.704640613708904	431	228.4809344158131	edge_555
Col156_1, pSUH-4, NZ_CP041341.1	Pseudomonas	82.77394275239959	553	284.65092383781524	edge_778
pAT205-, NZ_CP048016.1	Pseudomonas	41.37483461493946	234	113.18464033907193	edge_798
pXG-4k, NZ_CP045125.1	Pseudomonas	0.8359324116267942	4	3.8537680712463858	edge_1381
pCAM180B, NZ_CP044358.1	Pseudomonas	3.453976337918424	14	7.7075361424927715	edge_1382
pTS9900, CP042207.1	Pseudomonas	8.131734601079236	32	14.359245416150916	edge_1430
Col440I_1, pAKI40B, CP012489.1	Pseudomonas	2.0023010041923652	17	12.458757052248592	edge_2055
p9701, NC_011512.1	Pseudomonas	3.2082405307719455	5	1.2669922426015516	edge_2178
IncP6_1, pPS-MS-17-188-3, NZ_CP027855.1	Pseudomonas	46.60192785347888	137	43.605649682870066	edge_2543
IncC_1, pC-Ec2-KPC, NZ_MK439959.1	Pseudomonas	13.7085713441896	220	153.46443538511295	edge_2599
Col156_1, Similar to NZ_LT985301.1	Pseudomonas	10.891801757718882	35	13.831331981733605	edge_2824
pVB11737_6, NZ_CP050397.1	Pseudomonas	6.078421580356184	12	3.484228667154267	edge_2857
IncFII_1, Similar to NZ_CP027120.1	Pseudomonas	10.075778134583272	44	20.060710507857898	edge_2866
IncQ2_1, pKPSH70, NZ_KT896500.1	Pseudomonas	7.187209992411975	84	56.011615391676926	edge_2995
IncFIA_1, Similar to NZ_CP030339.1	Pseudomonas	1.468560504380134	36	31.358058004388397	edge_3038
Col(pHAD28)_1, Similar to NZ_CP033802.1	Pseudomonas	2.306267861197301	8	4.698429566314087	edge_3051
p9_010062, NZ_CP033129.1	Pseudomonas	17.313496500846092	59	22.43632096273581	edge_3097
Similar to NZ_LR130559.1	Pseudomonas	11.437958077151052	66	34.10320786335843	edge_3370
pACI-235c, NZ_CP026414.1	Pseudomonas	3.8449803603239485	20	11.878052274389544	edge_3512
Col(pHAD28)_1, pE16KP0204-2, CP052299.1	Pseudomonas	1.3469201118329854	14	11.719678244064353	edge_3515
IncA_1, p35734-141.404kb, NZ_CP010360.2	Pseudomonas	7.0	7	0.9502441819511637	edge_3545
p80-1-2-p3, NZ_CP041294.1	Pseudomonas	9.954782539567478	24	7.7075361424927715	edge_3637
pSL483_1, Similar to NC_011148.1	Pseudomonas	13.686176479140032	59	26.554045751190852	edge_3658
pAQ2-2, NC_016849.1	Pseudomonas	7.822952450571284	16	4.064933445013311	edge_3692
pAKI40A, CP012488.1	Pseudomonas	3.822480863297405	30	19.057674982465002	edge_3806
Col156_1, pSCU-172-4, NZ_CP054357.1	Pseudomonas	3.2034716314925338	32	22.43632096273581	edge_3869
pSN1104-34 DNA, AP018708.1	Pseudomonas	4.7267070747289734	19	9.766398536720294	edge_3887
Similar to KT351737.1	Pseudomonas	1.8891261358266889	6	3.22027194994561	edge_3897
Similar to NZ_CP030758.1	Pseudomonas	0.8599338365037289	3	2.217236424552715	edge_3935
pF17KP0040-3, CP052141.1	Pseudomonas	6.727443155186475	35	18.00184811363038	edge_3941
pF8704-2_, CP050999.1	Pseudomonas	5.817318329520959	46	28.19057739788452	edge_3956
Similar to NZ_CP027258.1	Pseudomonas	10.61124485370841	103	64.88056108988778	edge_3974
Col440II_1, p3849I, NZ_CP052874.1	Pseudomonas	0.9580240726849957	63	60.0237574932485	edge_3983
ColRNAI_1, Similar to NZ_CP024485.1	Pseudomonas	1.5685005741629932	30	25.33984485203103	edge_3989
IncI2(Delta)_1, pRM4283-2, NZ_CP028155.1	Pseudomonas	10.775148456796225	70	38.115349964930004	edge_4002
pCAV1042-5566, NZ_CP018667.1	Pseudomonas	0.5003757767469278	6	6.123795839240833	edge_4004
pALWED1.3, NZ_KX426228.1	Pseudomonas	4.252549164000005	14	6.176587182682564	edge_4027
IncFIB(pLF82-PhagePlasmid)_1, plLF82, NC_011917.1	Pseudomonas	17.354140605638268	101	51.10202045159591	edge_4028
Col440I_1, Similar to NZ_CP024491.1	Pseudomonas	1.6887419815886167	15	11.350138839972232	edge_4033
IncX1_4, p2-09-02E, NZ_AP022652.1	Pseudomonas	3.0	3	0.4223307475338505	edge_2418
Col440II_1, pASM3, NZ_CP019842.1	Pseudomonas	2.503900909066271	7	3.325854636829073	edge_3052
Col(pHAD28)_1, pGSH8M-2-5, NZ_AP019680.1	Pseudomonas	0.46388330043847414	4	4.43447284910543	edge_3235
ColRNAI_1, pCAV1417-9294, NZ_CP018348.1	Pseudomonas	1.0773088984752515	11	9.396859132628174	edge_3654
pPvu1, NC_002632.1	Pseudomonas	3.2082405307719455	5	1.7949056770188645	edge_3890
Col(pHAD28)_1, pSZECL_b, KU302804.1	Pseudomonas	4.572117429097319	10	3.4314373237125353	edge_4015
Col(pHAD28)_1, Similar to NZ_CP024513.1	Pseudomonas	0.9013877113318907	2	1.7949056770188645	edge_3939
pSCZE, NZ_CP051223.1	Pseudomonas	1.9435721417704233	11	7.126831364633728	edge_4030
pCT14, NC_010891.1	Comamonas	1.1083274498533988	29	26.981714168457167	edge_123
pCT14, NC_010891.1	Klebsiella	0.23559557278644758	32	36.66688803942239	edge_123
pCT14, NC_010891.1	Escherichia	3.3696959803165574	24	15.923736770452647	edge_123
pCT14, NC_010891.1	Acinetobacter	9.080552814732476	26	9.781633538073294	edge_123
pCT14, NC_010891.1	Enterobacter	0.8359324116267942	4	3.510498536300293	edge_123
pCT14, NC_010891.1	Aeromonas	0.9013877113318907	2	1.2507084090583183	edge_123
pCT14, NC_010891.1	Proteus	1.5685005741629932	30	25.69421134755773	edge_123
pCT14, NC_010891.1	Kerstersia	3.1711588539502276	47	35.037478675704264	edge_123
pPAG5, NZ_CP045003.1	Comamonas	0.9806949871814281	18	16.962768833846237	edge_127
pPAG5, NZ_CP045003.1	Klebsiella	0.00937135690997556	14	23.05160976007805	edge_127
pPAG5, NZ_CP045003.1	Escherichia	1.7390842167567262	14	10.010878631424275	edge_127
pPAG5, NZ_CP045003.1	Acinetobacter	1.160357027934665	8	6.149482849303431	edge_127
pPAG5, NZ_CP045003.1	Proteus	9.952507516780397	38	16.153346104530783	edge_127
pPAG5, NZ_CP045003.1	Kerstersia	0.4455746828776549	21	22.027238432152316	edge_127
pPAG5, NZ_CP045003.1	Aeromonas	3.0	3	0.7862909483418105	edge_127
IncN_1, pGMI17-001_1, NZ_CP028173.1	Comamonas	0.001656003588618269	80	107.33167180246565	edge_555
Col156_1, pSUH-4, NZ_CP041341.1	Comamonas	0.0371788684570817	114	133.7182010995598	edge_778
pAT205-, NZ_CP048016.1	Comamonas	0.6227918024667879	53	53.1698485084303	edge_798
pCAM180B, NZ_CP044358.1	Comamonas	0.43505064253846326	3	3.6207079674584066	edge_1382
IncP6_1, pPS-MS-17-188-3, NZ_CP027855.1	Comamonas	4.138893767004636	32	20.484279322744136	edge_2543
IncC_1, pC-Ec2-KPC, NZ_MK439959.1	Comamonas	0.005292834479215543	53	72.0917675438465	edge_2599
Col156_1, Similar to NZ_LT985301.1	Comamonas	2.5432007452045187	11	6.497434845713031	edge_2824
IncFII_1, Similar to NZ_CP027120.1	Comamonas	0.032345580729534924	5	9.423760463247907	edge_2866
IncQ2_1, pKPSH70, NZ_KT896500.1	Comamonas	0.04977551277205511	19	26.312131188173762	edge_2995
Col(pHAD28)_1, Similar to NZ_CP033802.1	Comamonas	0.3905620875658997	2	2.2071438979712203	edge_3051
Col(pHAD28)_1, pE16KP0204-2, CP052299.1	Comamonas	0.8081548779624808	6	5.505460060107988	edge_3515
ColRNAI_1, pCAV1417-9294, NZ_CP018348.1	Comamonas	0.054089850944686615	2	4.414287795942441	edge_3654
pAKI40A, CP012488.1	Comamonas	0.16577422931850966	6	8.952572440085513	edge_3806
Col156_1, pSCU-172-4, NZ_CP054357.1	Comamonas	0.776770769439679	11	10.539732097053582	edge_3869
pSN1104-34 DNA, AP018708.1	Comamonas	54.24034364790122	68	4.587883383423323	edge_3887
pF17KP0040-3, CP052141.1	Comamonas	0.7860245924359711	9	8.45658504728299	edge_3941
pF8704-2_, CP050999.1	Comamonas	0.07671990106527696	9	13.242863387827322	edge_3956
Similar to NZ_CP027258.1	Comamonas	3.3716534181353525e-06	12	30.47842528771494	edge_3974
Col440II_1, p3849I, NZ_CP052874.1	Comamonas	8.941950750931602e-05	13	28.19688328082334	edge_3983
ColRNAI_1, Similar to NZ_CP024485.1	Comamonas	0.0009156482251871146	4	11.903697427260516	edge_3989
pCAV1042-5566, NZ_CP018667.1	Comamonas	0.3905620875658997	2	2.8767268782546247	edge_4004
IncFIB(pLF82-PhagePlasmid)_1, plLF82, NC_011917.1	Comamonas	0.07070170131020244	18	24.005789811642035	edge_4028
IncN_1, pGMI17-001_1, NZ_CP028173.1	Klebsiella	0.005365111363772668	117	145.85872374505524	edge_555
Col156_1, pSUH-4, NZ_CP041341.1	Klebsiella	2.976063839814623e-12	104	181.71678337184335	edge_778
pAT205-, NZ_CP048016.1	Klebsiella	2.365441176294335e-11	30	72.25533819533236	edge_798
IncP6_1, pPS-MS-17-188-3, NZ_CP027855.1	Klebsiella	0.4668022017683939	26	27.837177868164428	edge_2543
IncC_1, pC-Ec2-KPC, NZ_MK439959.1	Klebsiella	3.175237850427998e-14	41	97.96934148033172	edge_2599
IncQ2_1, pKPSH70, NZ_KT896500.1	Klebsiella	1.722807744649594e-08	12	35.75695607520879	edge_2995
p9_010062, NZ_CP033129.1	Klebsiella	0.01740762780438833	8	14.323003140399374	edge_3097
Col(pHAD28)_1, pGSH8M-2-5, NZ_AP019680.1	Klebsiella	4.286427933295693	8	2.830899444220111	edge_3235
Similar to NZ_LR130559.1	Klebsiella	0.006083615121731437	12	21.770964773407044	edge_3370
pACI-235c, NZ_CP026414.1	Klebsiella	1.1273298251460995	9	7.582766368446727	edge_3512
Col(pHAD28)_1, pE16KP0204-2, CP052299.1	Klebsiella	13.690765541806849	29	7.481662816867437	edge_3515
ColRNAI_1, pCAV1417-9294, NZ_CP018348.1	Klebsiella	3.2828861094958532	11	5.9988107270378555	edge_3654
pSL483_1, Similar to NC_011148.1	Klebsiella	2.5001027161587515	23	16.951695481460906	edge_3658
Similar to NZ_CP027258.1	Klebsiella	0.0763595156910241	33	41.41875496364901	edge_3974
Col440II_1, p3849I, NZ_CP052874.1	Klebsiella	6.838071232447886	61	38.31824604855079	edge_3983
pCAV1042-5566, NZ_CP018667.1	Klebsiella	11.796842525550945	19	3.9093373277325347	edge_4004
Col(pHAD28)_1, pSZECL_b, KU302804.1	Klebsiella	2.781124175131799	6	2.19057695088461	edge_4015
pALWED1.3, NZ_KX426228.1	Klebsiella	0.8359324116267942	4	3.943038511592298	edge_4027
IncFIB(pLF82-PhagePlasmid)_1, plLF82, NC_011917.1	Klebsiella	0.000374596066024617	17	32.622745976250805	edge_4028
pSCZE, NZ_CP051223.1	Klebsiella	0.054089850944686615	2	4.549659821068036	edge_4030
Col440I_1, Similar to NZ_CP024491.1	Klebsiella	5.215260282463853	17	7.245754529849093	edge_4033
Col440I_1, pAKI40B, CP012489.1	Klebsiella	13.690765541806849	29	7.953479390904123	edge_2055
Col156_1, Similar to NZ_LT985301.1	Klebsiella	0.07052293578338814	5	8.829710171257966	edge_2824
IncFII_1, Similar to NZ_CP027120.1	Klebsiella	0.06592315582088669	8	12.806449866710027	edge_2866
Col(Ye4449)_1, pD16KP0008-2, CP052383.1	Klebsiella	3.8525055231865464	9	3.1342100989579804	edge_2868
IncFIA_1, Similar to NZ_CP030339.1	Klebsiella	0.14136999516425533	16	20.018503212699358	edge_3038
Col(pHAD28)_1, Similar to NZ_CP033802.1	Klebsiella	0.3905620875658997	2	2.9994053635189277	edge_3051
p80-1-2-p3, NZ_CP041294.1	Klebsiella	0.46388330043847414	4	4.920372843525431	edge_3637
pAKI40A, CP012488.1	Klebsiella	1.31822072066407	15	12.166127373374527	edge_3806
Col156_1, pSCU-172-4, NZ_CP054357.1	Klebsiella	0.001401335245114011	6	14.323003140399374	edge_3869
pF17KP0040-3, CP052141.1	Klebsiella	0.005468014292175885	5	11.49210369617926	edge_3941
pF8704-2_, CP050999.1	Klebsiella	0.0015955336068934364	8	17.996432181113562	edge_3956
ColRNAI_1, Similar to NZ_CP024485.1	Klebsiella	5.6060489585413746e-11	2	16.17656825268635	edge_3989
IncI2(Delta)_1, pRM4283-2, NZ_CP028155.1	Klebsiella	0.0001987327908821034	11	24.332254746749054	edge_4002
IncN_1, pGMI17-001_1, NZ_CP028173.1	Escherichia	6.386728161629568	90	63.34368818246236	edge_555
Col156_1, pSUH-4, NZ_CP041341.1	Escherichia	47.520067616607996	194	78.9161660535668	edge_778
pAT205-, NZ_CP048016.1	Escherichia	0.3748713628473749	29	31.379128341774333	edge_798
pCAM180B, NZ_CP044358.1	Escherichia	0.3905620875658997	2	2.136824971035006	edge_1382
pTS9900, CP042207.1	Escherichia	1.3279276642024453	5	3.980934192613162	edge_1430
Col440I_1, pAKI40B, CP012489.1	Escherichia	2.503900909066271	7	3.4540458435908317	edge_2055
p9701, NC_011512.1	Escherichia	3.0	3	0.3512588993482202	edge_2178
IncP6_1, pPS-MS-17-188-3, NZ_CP027855.1	Escherichia	3.243886171021344	20	12.08916045256791	edge_2543
IncC_1, pC-Ec2-KPC, NZ_MK439959.1	Escherichia	18.712941076710802	91	42.54623418355317	edge_2599
Col156_1, Similar to NZ_LT985301.1	Escherichia	2.503900909066271	7	3.834576317884737	edge_2824
IncFII_1, Similar to NZ_CP027120.1	Escherichia	5.880843333446436	15	5.561599239680152	edge_2866
IncQ2_1, pKPSH70, NZ_KT896500.1	Escherichia	0.049968281346201016	10	15.528570508685897	edge_2995
IncFIA_1, Similar to NZ_CP030339.1	Escherichia	8.122881683014473	23	8.693657758868447	edge_3038
Col(pHAD28)_1, Similar to NZ_CP033802.1	Escherichia	0.9013877113318907	2	1.302585085082983	edge_3051
Col(pHAD28)_1, pGSH8M-2-5, NZ_AP019680.1	Escherichia	2.3905620875658995	4	1.2294061477187705	edge_3235
Similar to NZ_LR130559.1	Escherichia	0.08765596686928419	6	9.454718707456259	edge_3370
pACI-235c, NZ_CP026414.1	Escherichia	2.503900909066271	7	3.293052181389564	edge_3512
ColRNAI_1, pCAV1417-9294, NZ_CP018348.1	Escherichia	2.781124175131799	6	2.605170170165966	edge_3654
pSL483_1, Similar to NC_011148.1	Escherichia	7.158025860465546	20	7.3618010988397815	edge_3658
pAKI40A, CP012488.1	Escherichia	1.2016146663389329	7	5.283519277696145	edge_3806
Col156_1, pSCU-172-4, NZ_CP054357.1	Escherichia	3.0829842564617893	12	6.220209675958066	edge_3869
pF17KP0040-3, CP052141.1	Escherichia	11.800783772526753	21	4.990803528239295	edge_3941
pF8704-2_, CP050999.1	Escherichia	6.49343442326461	19	7.815510510497898	edge_3956
Similar to NZ_CP027258.1	Escherichia	0.9719061837241388	19	17.98738280412344	edge_3974
Col440II_1, p3849I, NZ_CP052874.1	Escherichia	0.011168040431988512	9	16.640890356621927	edge_3983
ColRNAI_1, Similar to NZ_CP024485.1	Escherichia	28.416991435402256	47	7.025177986964403	edge_3989
IncI2(Delta)_1, pRM4283-2, NZ_CP028155.1	Escherichia	8.712669850555642	27	10.56703855539229	edge_4002
pALWED1.3, NZ_KX426228.1	Escherichia	0.9013877113318907	2	1.7123871343225732	edge_4027
IncFIB(pLF82-PhagePlasmid)_1, plLF82, NC_011917.1	Escherichia	8.131734601079236	32	14.167442273711545	edge_4028
pSCZE, NZ_CP051223.1	Escherichia	0.9013877113318907	2	1.9758313088337385	edge_4030
Col440I_1, Similar to NZ_CP024491.1	Escherichia	0.43505064253846326	3	3.146694306661139	edge_4033
pTS9900, CP042207.1	Comamonas	0.11729138224062918	4	6.745428542114292	edge_1430
Col440I_1, pAKI40B, CP012489.1	Comamonas	0.08764933538506003	3	5.852651235069754	edge_2055
IncFIA_1, Similar to NZ_CP030339.1	Comamonas	0.01740762780438833	8	14.730825566234888	edge_3038
p9_010062, NZ_CP033129.1	Comamonas	0.01378991391150423	5	10.539732097053582	edge_3097
Similar to NZ_LR130559.1	Comamonas	0.05754898094752094	11	16.020392787521445	edge_3370
IncI2(Delta)_1, pRM4283-2, NZ_CP028155.1	Comamonas	0.4165104399537782	16	17.905144880171026	edge_4002
IncN_1, pGMI17-001_1, NZ_CP028173.1	Acinetobacter	3.0497521456011025	50	38.910762824247435	edge_555
Col156_1, pSUH-4, NZ_CP041341.1	Acinetobacter	3.5108355473610486	63	48.476625034275	edge_778
pAT205-, NZ_CP048016.1	Acinetobacter	127.741600094446	188	19.275571972085608	edge_798
pCAM180B, NZ_CP044358.1	Acinetobacter	21.741903461978517	25	1.3126089122782174	edge_1382
IncC_1, pC-Ec2-KPC, NZ_MK439959.1	Acinetobacter	0.007486879699904645	16	26.13530210953958	edge_2599
pVB11737_6, NZ_CP050397.1	Acinetobacter	8.0	8	0.5933711521257696	edge_2857
IncFII_1, Similar to NZ_CP027120.1	Acinetobacter	1.3279276642024453	5	3.4163793607241275	edge_2866
IncQ2_1, pKPSH70, NZ_KT896500.1	Acinetobacter	0.08765596686928419	6	9.538890794021842	edge_2995
IncFIA_1, Similar to NZ_CP030339.1	Acinetobacter	0.01670231887306637	2	5.340340369131926	edge_3038
p9_010062, NZ_CP033129.1	Acinetobacter	32.5065128243738	42	3.8209506008098804	edge_3097
Col(pHAD28)_1, pGSH8M-2-5, NZ_AP019680.1	Acinetobacter	4.0	4	0.7551996481600703	edge_3235
Similar to NZ_LR130559.1	Acinetobacter	1.2016146663389329	7	5.807844913231017	edge_3370
pACI-235c, NZ_CP026414.1	Acinetobacter	15.508998289622461	21	2.02285620042876	edge_3512
pSL483_1, Similar to NC_011148.1	Acinetobacter	0.46388330043847414	4	4.5222074169585165	edge_3658
pAKI40A, CP012488.1	Acinetobacter	0.15417330950166924	2	3.2455603926879215	edge_3806
Similar to NZ_CP030758.1	Acinetobacter	8.0	8	0.3775998240800352	edge_3935
pF17KP0040-3, CP052141.1	Acinetobacter	2.503900909066271	7	3.0657509526498092	edge_3941
pF8704-2_, CP050999.1	Acinetobacter	0.8198600776149126	5	4.80091204901759	edge_3956
Similar to NZ_CP027258.1	Acinetobacter	0.11869795521350084	8	11.049290090341982	edge_3974
Col440II_1, p3849I, NZ_CP052874.1	Acinetobacter	0.043555856850529595	6	10.222166666166666	edge_3983
ColRNAI_1, Similar to NZ_CP024485.1	Acinetobacter	1.25506787163675	6	4.3154265609146885	edge_3989
IncI2(Delta)_1, pRM4283-2, NZ_CP028155.1	Acinetobacter	0.2715679872183956	5	6.491120785375843	edge_4002
pALWED1.3, NZ_KX426228.1	Acinetobacter	5.802775422663781	8	1.0518852242229553	edge_4027
IncFIB(pLF82-PhagePlasmid)_1, plLF82, NC_011917.1	Acinetobacter	2.30500888316651	13	8.70277689784462	edge_4028
Col440I_1, Similar to NZ_CP024491.1	Acinetobacter	0.9013877113318907	2	1.9329514804097037	edge_4033
pVB11737_6, NZ_CP050397.1	Escherichia	4.0	4	0.9659619732076055	edge_2857
p9_010062, NZ_CP033129.1	Escherichia	0.7991500005650545	7	6.220209675958066	edge_3097
Col(pHAD28)_1, pE16KP0204-2, CP052299.1	Escherichia	0.15417330950166924	2	3.249144818971036	edge_3515
pXG-4k, NZ_CP045125.1	Acinetobacter	12.0	12	0.6563044561391087	edge_1381
pTS9900, CP042207.1	Acinetobacter	42.8291115214875	50	2.4454083845183234	edge_1430
Col(pHAD28)_1, pE16KP0204-2, CP052299.1	Acinetobacter	2.3905620875658995	4	1.9958847844230434	edge_3515
Similar to KT351737.1	Acinetobacter	3.0	3	0.5484187921162416	edge_3897
IncP6_1, pPS-MS-17-188-3, NZ_CP027855.1	Acinetobacter	0.29574144821031284	6	7.426129873574025	edge_2543
Col156_1, pSCU-172-4, NZ_CP054357.1	Acinetobacter	0.43505064253846326	3	3.8209506008098804	edge_3869
pPvu1, NC_002632.1	Escherichia	2.0	2	0.48298098660380273	edge_3809
IncN_1, pGMI17-001_1, NZ_CP028173.1	Enterobacter	4.53600733753125	24	13.964556677488664	edge_555
IncN_1, pGMI17-001_1, NZ_CP028173.1	Aeromonas	4.192755902614251	11	4.975244480151105	edge_555
IncN_1, pGMI17-001_1, NZ_CP028173.1	Proteus	0.2468004459684761	95	102.21006131638774	edge_555
IncN_1, pGMI17-001_1, NZ_CP028173.1	Kerstersia	0.002447682754561524	109	139.37702914379418	edge_555
pTS9900, CP042207.1	Klebsiella	4.649915608622262e-05	2	9.166722009855597	edge_1430
pSN1104-34 DNA, AP018708.1	Klebsiella	0.03408281152519457	3	6.234719014056197	edge_3887
pPvu1, NC_002632.1	Klebsiella	2.3905620875658995	4	1.1458402512319497	edge_3890
Col(pHAD28)_1, Similar to NZ_CP024513.1	Klebsiella	4.0540898509446865	6	1.1458402512319497	edge_3939
Col156_1, pSUH-4, NZ_CP041341.1	Enterobacter	2.097437028747519	23	17.397617746076453	edge_778
pAT205-, NZ_CP048016.1	Enterobacter	0.2715679872183956	5	6.9177471156505765	edge_798
IncP6_1, pPS-MS-17-188-3, NZ_CP027855.1	Enterobacter	0.3905620875658997	2	2.6651395137720977	edge_2543
IncQ2_1, pKPSH70, NZ_KT896500.1	Enterobacter	0.43505064253846326	3	3.4233813851237227	edge_2995
IncFIA_1, Similar to NZ_CP030339.1	Enterobacter	0.9013877113318907	2	1.9165773258845349	edge_3038
p9_010062, NZ_CP033129.1	Enterobacter	3.2082405307719455	5	1.371288490742302	edge_3097
Similar to NZ_LR130559.1	Enterobacter	0.3905620875658997	2	2.0843585059282987	edge_3370
Col(pHAD28)_1, pE16KP0204-2, CP052299.1	Enterobacter	3.0	3	0.7162965763406848	edge_3515
pAKI40A, CP012488.1	Enterobacter	0.9013877113318907	2	1.1647885768422848	edge_3806
Similar to NZ_CP027258.1	Enterobacter	0.15417330950166924	2	3.9654436591112683	edge_3974
Col440II_1, p3849I, NZ_CP052874.1	Enterobacter	1.8891261358266889	6	3.6686000328799935	edge_3983
IncFIB(pLF82-PhagePlasmid)_1, plLF82, NC_011917.1	Enterobacter	0.43505064253846326	3	3.1233111977377606	edge_4028
Col156_1, pSUH-4, NZ_CP041341.1	Aeromonas	1.160357027934665	8	6.1983637331272545	edge_778
Col156_1, pSUH-4, NZ_CP041341.1	Proteus	6.701451537722565	165	127.3374885901023	edge_778
Col156_1, pSUH-4, NZ_CP041341.1	Kerstersia	0.020230454017928123	148	173.64162226047557	edge_778
ColRNAI_1, pCAV1417-9294, NZ_CP018348.1	Acinetobacter	0.9013877113318907	2	1.6003040163391968	edge_3654
pAT205-, NZ_CP048016.1	Aeromonas	1.4350506425384633	4	2.464631276673745	edge_798
pAT205-, NZ_CP048016.1	Proteus	1.451224579106535	56	50.63271059665788	edge_798
pAT205-, NZ_CP048016.1	Kerstersia	0.006668108888159397	51	69.04444327271135	edge_798
IncQ2_1, pKPSH70, NZ_KT896500.1	Aeromonas	4.0540898509446865	6	1.2196706084658784	edge_2995
pAQ2-2, NC_016849.1	Aeromonas	4.0	4	0.0885152090969582	edge_3692
Similar to KT351737.1	Aeromonas	2.0	2	0.07012243837551234	edge_3897
IncC_1, pC-Ec2-KPC, NZ_MK439959.1	Aeromonas	0.8359324116267942	4	3.3417365304526943	edge_2599
Similar to NZ_CP027258.1	Aeromonas	0.9013877113318907	2	1.4127947010410598	edge_3974
pCAM180B, NZ_CP044358.1	Proteus	3.161076083585684	8	3.44793644921271	edge_1382
pTS9900, CP042207.1	Proteus	0.5003757767469278	6	6.423552836889432	edge_1430
Col440I_1, pAKI40B, CP012489.1	Proteus	0.08764933538506003	3	5.573376726124655	edge_2055
p9701, NC_011512.1	Proteus	2.0	2	0.5667840738431853	edge_2178
IncP6_1, pPS-MS-17-188-3, NZ_CP027855.1	Proteus	2.3348929174745816	26	19.506818541436292	edge_2543
IncC_1, pC-Ec2-KPC, NZ_MK439959.1	Proteus	0.06951889562787227	57	68.65172094425581	edge_2599
Col156_1, Similar to NZ_LT985301.1	Proteus	0.7991500005650545	7	6.187392806121439	edge_2824
pVB11737_6, NZ_CP050397.1	Proteus	2.3905620875658995	4	1.5586562030687594	edge_2857
IncFII_1, Similar to NZ_CP027120.1	Proteus	2.30500888316651	13	8.974081169183766	edge_2866
Similar to NZ_CP033826.1	Proteus	2.0	2	0.732096095380781	edge_2867
IncQ2_1, pKPSH70, NZ_KT896500.1	Proteus	0.045633864975155994	18	25.05657926448415	edge_2995
IncFIA_1, Similar to NZ_CP030339.1	Proteus	0.08714790223750037	10	14.027905827618833	edge_3038
Col(pHAD28)_1, Similar to NZ_CP033802.1	Proteus	0.3905620875658997	2	2.1018242738351454	edge_3051
p9_010062, NZ_CP033129.1	Proteus	3.9996620010971746	19	10.036801307639738	edge_3097
Col(pHAD28)_1, pGSH8M-2-5, NZ_AP019680.1	Proteus	3.2082405307719455	5	1.9837442584511484	edge_3235
Similar to NZ_LR130559.1	Proteus	1.2494832464394354	18	15.255937987612404	edge_3370
pACI-235c, NZ_CP026414.1	Proteus	0.2419054768645907	4	5.313600692279862	edge_3512
Col(pHAD28)_1, pE16KP0204-2, CP052299.1	Proteus	0.08764933538506003	3	5.242752683049464	edge_3515
p80-1-2-p3, NZ_CP041294.1	Proteus	1.3279276642024453	5	3.44793644921271	edge_3637
ColRNAI_1, pCAV1417-9294, NZ_CP018348.1	Proteus	0.8198600776149126	5	4.203648547670291	edge_3654
pSL483_1, Similar to NC_011148.1	Proteus	0.05482544419750983	7	11.878849547630091	edge_3658
pAQ2-2, NC_016849.1	Proteus	1.6137056388801092	3	1.8184322369135528	edge_3692
pAKI40A, CP012488.1	Proteus	1.1001544409217083	10	8.525377110724579	edge_3806
pPvu1, NC_002632.1	Proteus	5.0	5	0.7793281015343797	edge_3809
Col156_1, pSCU-172-4, NZ_CP054357.1	Proteus	0.01378991391150423	5	10.036801307639738	edge_3869
pSN1104-34 DNA, AP018708.1	Proteus	0.46388330043847414	4	4.368960569207887	edge_3887
pPvu1, NC_002632.1	Proteus	9.0	9	0.802944104611179	edge_3890
Similar to KT351737.1	Proteus	5.802775422663781	8	1.4405761876847627	edge_3897
Col(pHAD28)_1, Similar to NZ_CP024513.1	Proteus	3.0	3	0.802944104611179	edge_3939
pF17KP0040-3, CP052141.1	Proteus	1.1001544409217083	10	8.05305704918859	edge_3941
pF8704-2_, CP050999.1	Proteus	1.6444355346049844	16	12.61094564301087	edge_3956
Similar to NZ_CP027258.1	Proteus	0.7429321685793006	30	29.024067781386442	edge_3974
Col440II_1, p3849I, NZ_CP052874.1	Proteus	0.0033173946350145253	15	26.851395498320898	edge_3983
ColRNAI_1, Similar to NZ_CP024485.1	Proteus	0.05482544419750983	7	11.335681476863705	edge_3989
IncI2(Delta)_1, pRM4283-2, NZ_CP028155.1	Proteus	0.1897080266359978	14	17.050754221449157	edge_4002
Col(pHAD28)_1, pSZECL_b, KU302804.1	Proteus	0.9013877113318907	2	1.53504019999196	edge_4015
IncFIB(pLF82-PhagePlasmid)_1, plLF82, NC_011917.1	Proteus	7.05328128710739	41	22.860290978341805	edge_4028
pSCZE, NZ_CP051223.1	Proteus	1.3279276642024453	5	3.188160415367917	edge_4030
Col440I_1, Similar to NZ_CP024491.1	Proteus	0.08764933538506003	3	5.077440661511868	edge_4033
Similar to KT351737.1	Klebsiella	0.3905620875658997	2	2.055772215445557	edge_3897
Col(pHAD28)_1, pD16KP0025-3, CP052378.1	Klebsiella	3.0	3	0.1011035515792897	edge_4008
IncC_1, pC-Ec2-KPC, NZ_MK439959.1	Enterobacter	4.649915608622262e-05	2	9.379613276677345	edge_2599
IncFII_1, Similar to NZ_CP027120.1	Enterobacter	0.9013877113318907	2	1.2260932387813521	edge_2866
pSL483_1, Similar to NC_011148.1	Enterobacter	0.9013877113318907	2	1.622960260807948	edge_3658
pPvu1, NC_002632.1	Enterobacter	2.0	2	0.10970307925938416	edge_3890
pTS9900, CP042207.1	Kerstersia	0.07052293578338814	5	8.759369668926066	edge_1430
Col440I_1, pAKI40B, CP012489.1	Kerstersia	0.29574144821031284	6	7.6000413303917345	edge_2055
IncP6_1, pPS-MS-17-188-3, NZ_CP027855.1	Kerstersia	2.6522856896377767	35	26.60014465637107	edge_2543
IncC_1, pC-Ec2-KPC, NZ_MK439959.1	Kerstersia	0.00042767942923574166	65	93.61576333664733	edge_2599
Col156_1, Similar to NZ_LT985301.1	Kerstersia	2.779731033523046	14	8.437334019333196	edge_2824
IncFII_1, Similar to NZ_CP027120.1	Kerstersia	0.13264786399838374	9	12.237354684529064	edge_2866
IncQ2_1, pKPSH70, NZ_KT896500.1	Kerstersia	0.03442827667664379	25	34.167982421803515	edge_2995
IncFIA_1, Similar to NZ_CP030339.1	Kerstersia	0.07958982883398595	14	19.12891758581648	edge_3038
p9_010062, NZ_CP033129.1	Kerstersia	0.07671990106527696	9	13.68651510769698	edge_3097
Col(pHAD28)_1, pGSH8M-2-5, NZ_AP019680.1	Kerstersia	1.4350506425384633	4	2.7050994565801085	edge_3235
Similar to NZ_LR130559.1	Kerstersia	0.011665515528748052	12	20.803502963699405	edge_3370
pACI-235c, NZ_CP026414.1	Kerstersia	1.9435721417704233	11	7.245802115839577	edge_3512
Col(pHAD28)_1, pE16KP0204-2, CP052299.1	Kerstersia	0.052487286694698355	4	7.149191420961716	edge_3515
IncA_1, p35734-141.404kb, NZ_CP010360.2	Kerstersia	3.0	3	0.5796641692671662	edge_3545
p80-1-2-p3, NZ_CP041294.1	Kerstersia	1.25506787163675	6	4.701720484055903	edge_3637
pSL483_1, Similar to NC_011148.1	Kerstersia	0.0001748927282550949	6	16.198393174521367	edge_3658
pAKI40A, CP012488.1	Kerstersia	0.020296552067172426	6	11.62548695030261	edge_3806
pPvu1, NC_002632.1	Kerstersia	0.9013877113318907	2	1.0627176436564714	edge_3809
Col156_1, pSCU-172-4, NZ_CP054357.1	Kerstersia	0.0036350916861582834	6	13.68651510769698	edge_3869
pSN1104-34 DNA, AP018708.1	Kerstersia	0.8081548779624808	6	5.957659517468096	edge_3887
Similar to KT351737.1	Kerstersia	0.9013877113318907	2	1.9644174625165076	edge_3897
pF17KP0040-3, CP052141.1	Kerstersia	0.776770769439679	11	10.98141565111687	edge_3941
pF8704-2_, CP050999.1	Kerstersia	0.00036184977633682536	7	17.196703688259262	edge_3956
Similar to NZ_CP027258.1	Kerstersia	0.00014414142530473823	21	39.57818133496373	edge_3974
Col440II_1, p3849I, NZ_CP052874.1	Kerstersia	1.8025179468548164e-05	17	36.615453358709324	edge_3983
ColRNAI_1, Similar to NZ_CP024485.1	Kerstersia	0.02228207093300994	9	15.457711180457764	edge_3989
IncI2(Delta)_1, pRM4283-2, NZ_CP028155.1	Kerstersia	0.0014739649351119134	12	23.25097390060522	edge_4002
Col(pHAD28)_1, pSZECL_b, KU302804.1	Kerstersia	2.0822292679157215	5	2.0932317223536554	edge_4015
pALWED1.3, NZ_KX426228.1	Kerstersia	1.8891261358266889	6	3.7678171002365803	edge_4027
IncFIB(pLF82-PhagePlasmid)_1, plLF82, NC_011917.1	Kerstersia	0.07016969497669064	24	31.173050880589823	edge_4028
pSCZE, NZ_CP051223.1	Kerstersia	1.25506787163675	6	4.347481269503747	edge_4030
Col440I_1, Similar to NZ_CP024491.1	Kerstersia	0.004544114393256814	2	6.9237664662467076	edge_4033
p80-1-2-p3, NZ_CP041294.1	Acinetobacter	4.0540898509446865	6	1.3126089122782174	edge_3637
Similar to NZ_LR130559.1	Aeromonas	2.0	2	0.7426081178783764	edge_3370
Col440II_1, p3849I, NZ_CP052874.1	Aeromonas	0.9013877113318907	2	1.3070362693927462	edge_3983
pVB11737_6, NZ_CP050397.1	Klebsiella	0.8599338365037289	3	2.224278134744373	edge_2857
pACI-235c, NZ_CP026414.1	Comamonas	0.08764933538506003	3	5.579858169028366	edge_3512
IncA_1, p35734-141.404kb, NZ_CP010360.2	Comamonas	3.0	3	0.4463886535222693	edge_3545
Similar to KT351737.1	Comamonas	0.9013877113318907	2	1.5127615480476906	edge_3897
Col440II_1, pASM3, NZ_CP019842.1	Comamonas	0.9013877113318907	2	1.5623602873279427	edge_3052
pSL483_1, Similar to NC_011148.1	Comamonas	0.0020208922553296366	5	12.474082928983416	edge_3658
pPvu1, NC_002632.1	Pseudomonas	0.9013877113318907	2	1.7421143335771334	edge_3809
Col(pHAD28)_1, Similar to NZ_CP033802.1	Enterobacter	3.0	3	0.28716394276721147	edge_3051
Col440II_1, pASM3, NZ_CP019842.1	Kerstersia	0.3905620875658997	2	2.0288245924350816	edge_3052
pSN1104-34 DNA, AP018708.1	Acinetobacter	0.9013877113318907	2	1.663237320352536	edge_3887
pACI-a283, NZ_CP026422.1	Aeromonas	2.0	2	0.0034486445102710982	edge_3967
pPAG5, NZ_CP045003.1	Enterobacter	0	0	0	edge_127
pXG-4k, NZ_CP045125.1	Comamonas	0	0	0	edge_1381
pXG-4k, NZ_CP045125.1	Klebsiella	0	0	0	edge_1381
pXG-4k, NZ_CP045125.1	Escherichia	0	0	0	edge_1381
pXG-4k, NZ_CP045125.1	Enterobacter	0	0	0	edge_1381
pXG-4k, NZ_CP045125.1	Aeromonas	0	0	0	edge_1381
pXG-4k, NZ_CP045125.1	Proteus	0	0	0	edge_1381
pXG-4k, NZ_CP045125.1	Kerstersia	0	0	0	edge_1381
pCAM180B, NZ_CP044358.1	Klebsiella	0	0	0	edge_1382
pCAM180B, NZ_CP044358.1	Enterobacter	0	0	0	edge_1382
pCAM180B, NZ_CP044358.1	Aeromonas	0	0	0	edge_1382
pCAM180B, NZ_CP044358.1	Kerstersia	0	0	0	edge_1382
pTS9900, CP042207.1	Enterobacter	0	0	0	edge_1430
pTS9900, CP042207.1	Aeromonas	0	0	0	edge_1430
Col440I_1, pAKI40B, CP012489.1	Acinetobacter	0	0	0	edge_2055
Col440I_1, pAKI40B, CP012489.1	Enterobacter	0	0	0	edge_2055
Col440I_1, pAKI40B, CP012489.1	Aeromonas	0	0	0	edge_2055
p9701, NC_011512.1	Comamonas	0	0	0	edge_2178
p9701, NC_011512.1	Klebsiella	0	0	0	edge_2178
p9701, NC_011512.1	Acinetobacter	0	0	0	edge_2178
p9701, NC_011512.1	Enterobacter	0	0	0	edge_2178
p9701, NC_011512.1	Aeromonas	0	0	0	edge_2178
p9701, NC_011512.1	Kerstersia	0	0	0	edge_2178
IncP6_1, pPS-MS-17-188-3, NZ_CP027855.1	Aeromonas	0	0	0	edge_2543
Col156_1, Similar to NZ_LT985301.1	Acinetobacter	0	0	0	edge_2824
Col156_1, Similar to NZ_LT985301.1	Enterobacter	0	0	0	edge_2824
Col156_1, Similar to NZ_LT985301.1	Aeromonas	0	0	0	edge_2824
pVB11737_6, NZ_CP050397.1	Comamonas	0	0	0	edge_2857
pVB11737_6, NZ_CP050397.1	Enterobacter	0	0	0	edge_2857
pVB11737_6, NZ_CP050397.1	Aeromonas	0	0	0	edge_2857
pVB11737_6, NZ_CP050397.1	Kerstersia	0	0	0	edge_2857
IncFII_1, Similar to NZ_CP027120.1	Aeromonas	0	0	0	edge_2866
IncFIA_1, Similar to NZ_CP030339.1	Aeromonas	0	0	0	edge_3038
Col(pHAD28)_1, Similar to NZ_CP033802.1	Acinetobacter	0	0	0	edge_3051
Col(pHAD28)_1, Similar to NZ_CP033802.1	Aeromonas	0	0	0	edge_3051
Col(pHAD28)_1, Similar to NZ_CP033802.1	Kerstersia	0	0	0	edge_3051
p9_010062, NZ_CP033129.1	Aeromonas	0	0	0	edge_3097
pACI-235c, NZ_CP026414.1	Enterobacter	0	0	0	edge_3512
pACI-235c, NZ_CP026414.1	Aeromonas	0	0	0	edge_3512
Col(pHAD28)_1, pE16KP0204-2, CP052299.1	Aeromonas	0	0	0	edge_3515
IncA_1, p35734-141.404kb, NZ_CP010360.2	Klebsiella	0	0	0	edge_3545
IncA_1, p35734-141.404kb, NZ_CP010360.2	Escherichia	0	0	0	edge_3545
IncA_1, p35734-141.404kb, NZ_CP010360.2	Acinetobacter	0	0	0	edge_3545
IncA_1, p35734-141.404kb, NZ_CP010360.2	Enterobacter	0	0	0	edge_3545
IncA_1, p35734-141.404kb, NZ_CP010360.2	Aeromonas	0	0	0	edge_3545
IncA_1, p35734-141.404kb, NZ_CP010360.2	Proteus	0	0	0	edge_3545
p80-1-2-p3, NZ_CP041294.1	Comamonas	0	0	0	edge_3637
p80-1-2-p3, NZ_CP041294.1	Escherichia	0	0	0	edge_3637
p80-1-2-p3, NZ_CP041294.1	Enterobacter	0	0	0	edge_3637
p80-1-2-p3, NZ_CP041294.1	Aeromonas	0	0	0	edge_3637
pSL483_1, Similar to NC_011148.1	Aeromonas	0	0	0	edge_3658
pAQ2-2, NC_016849.1	Comamonas	0	0	0	edge_3692
pAQ2-2, NC_016849.1	Klebsiella	0	0	0	edge_3692
pAQ2-2, NC_016849.1	Escherichia	0	0	0	edge_3692
pAQ2-2, NC_016849.1	Acinetobacter	0	0	0	edge_3692
pAQ2-2, NC_016849.1	Enterobacter	0	0	0	edge_3692
pAQ2-2, NC_016849.1	Kerstersia	0	0	0	edge_3692
pAKI40A, CP012488.1	Aeromonas	0	0	0	edge_3806
Col156_1, pSCU-172-4, NZ_CP054357.1	Enterobacter	0	0	0	edge_3869
Col156_1, pSCU-172-4, NZ_CP054357.1	Aeromonas	0	0	0	edge_3869
pSN1104-34 DNA, AP018708.1	Escherichia	0	0	0	edge_3887
pSN1104-34 DNA, AP018708.1	Enterobacter	0	0	0	edge_3887
pSN1104-34 DNA, AP018708.1	Aeromonas	0	0	0	edge_3887
Similar to KT351737.1	Escherichia	0	0	0	edge_3897
Similar to KT351737.1	Enterobacter	0	0	0	edge_3897
Similar to NZ_CP030758.1	Comamonas	0	0	0	edge_3935
Similar to NZ_CP030758.1	Klebsiella	0	0	0	edge_3935
Similar to NZ_CP030758.1	Escherichia	0	0	0	edge_3935
Similar to NZ_CP030758.1	Enterobacter	0	0	0	edge_3935
Similar to NZ_CP030758.1	Aeromonas	0	0	0	edge_3935
Similar to NZ_CP030758.1	Proteus	0	0	0	edge_3935
Similar to NZ_CP030758.1	Kerstersia	0	0	0	edge_3935
pF17KP0040-3, CP052141.1	Enterobacter	0	0	0	edge_3941
pF17KP0040-3, CP052141.1	Aeromonas	0	0	0	edge_3941
pF8704-2_, CP050999.1	Enterobacter	0	0	0	edge_3956
pF8704-2_, CP050999.1	Aeromonas	0	0	0	edge_3956
ColRNAI_1, Similar to NZ_CP024485.1	Enterobacter	0	0	0	edge_3989
ColRNAI_1, Similar to NZ_CP024485.1	Aeromonas	0	0	0	edge_3989
IncI2(Delta)_1, pRM4283-2, NZ_CP028155.1	Enterobacter	0	0	0	edge_4002
IncI2(Delta)_1, pRM4283-2, NZ_CP028155.1	Aeromonas	0	0	0	edge_4002
pCAV1042-5566, NZ_CP018667.1	Escherichia	0	0	0	edge_4004
pCAV1042-5566, NZ_CP018667.1	Acinetobacter	0	0	0	edge_4004
pCAV1042-5566, NZ_CP018667.1	Enterobacter	0	0	0	edge_4004
pCAV1042-5566, NZ_CP018667.1	Aeromonas	0	0	0	edge_4004
pCAV1042-5566, NZ_CP018667.1	Proteus	0	0	0	edge_4004
pCAV1042-5566, NZ_CP018667.1	Kerstersia	0	0	0	edge_4004
pALWED1.3, NZ_KX426228.1	Comamonas	0	0	0	edge_4027
pALWED1.3, NZ_KX426228.1	Enterobacter	0	0	0	edge_4027
pALWED1.3, NZ_KX426228.1	Aeromonas	0	0	0	edge_4027
pALWED1.3, NZ_KX426228.1	Proteus	0	0	0	edge_4027
IncFIB(pLF82-PhagePlasmid)_1, plLF82, NC_011917.1	Aeromonas	0	0	0	edge_4028
Col440I_1, Similar to NZ_CP024491.1	Comamonas	0	0	0	edge_4033
Col440I_1, Similar to NZ_CP024491.1	Enterobacter	0	0	0	edge_4033
Col440I_1, Similar to NZ_CP024491.1	Aeromonas	0	0	0	edge_4033
IncX1_4, p2-09-02E, NZ_AP022652.1	Comamonas	0	0	0	edge_2418
IncX1_4, p2-09-02E, NZ_AP022652.1	Klebsiella	0	0	0	edge_2418
IncX1_4, p2-09-02E, NZ_AP022652.1	Escherichia	0	0	0	edge_2418
IncX1_4, p2-09-02E, NZ_AP022652.1	Acinetobacter	0	0	0	edge_2418
IncX1_4, p2-09-02E, NZ_AP022652.1	Enterobacter	0	0	0	edge_2418
IncX1_4, p2-09-02E, NZ_AP022652.1	Aeromonas	0	0	0	edge_2418
IncX1_4, p2-09-02E, NZ_AP022652.1	Proteus	0	0	0	edge_2418
IncX1_4, p2-09-02E, NZ_AP022652.1	Kerstersia	0	0	0	edge_2418
Col440II_1, pASM3, NZ_CP019842.1	Klebsiella	0	0	0	edge_3052
Col440II_1, pASM3, NZ_CP019842.1	Escherichia	0	0	0	edge_3052
Col440II_1, pASM3, NZ_CP019842.1	Acinetobacter	0	0	0	edge_3052
Col440II_1, pASM3, NZ_CP019842.1	Enterobacter	0	0	0	edge_3052
Col440II_1, pASM3, NZ_CP019842.1	Aeromonas	0	0	0	edge_3052
Col440II_1, pASM3, NZ_CP019842.1	Proteus	0	0	0	edge_3052
Col(pHAD28)_1, pGSH8M-2-5, NZ_AP019680.1	Comamonas	0	0	0	edge_3235
Col(pHAD28)_1, pGSH8M-2-5, NZ_AP019680.1	Enterobacter	0	0	0	edge_3235
Col(pHAD28)_1, pGSH8M-2-5, NZ_AP019680.1	Aeromonas	0	0	0	edge_3235
ColRNAI_1, pCAV1417-9294, NZ_CP018348.1	Enterobacter	0	0	0	edge_3654
ColRNAI_1, pCAV1417-9294, NZ_CP018348.1	Aeromonas	0	0	0	edge_3654
ColRNAI_1, pCAV1417-9294, NZ_CP018348.1	Kerstersia	0	0	0	edge_3654
pPvu1, NC_002632.1	Comamonas	0	0	0	edge_3890
pPvu1, NC_002632.1	Escherichia	0	0	0	edge_3890
pPvu1, NC_002632.1	Acinetobacter	0	0	0	edge_3890
pPvu1, NC_002632.1	Aeromonas	0	0	0	edge_3890
pPvu1, NC_002632.1	Kerstersia	0	0	0	edge_3890
Col(pHAD28)_1, pSZECL_b, KU302804.1	Comamonas	0	0	0	edge_4015
Col(pHAD28)_1, pSZECL_b, KU302804.1	Escherichia	0	0	0	edge_4015
Col(pHAD28)_1, pSZECL_b, KU302804.1	Acinetobacter	0	0	0	edge_4015
Col(pHAD28)_1, pSZECL_b, KU302804.1	Enterobacter	0	0	0	edge_4015
Col(pHAD28)_1, pSZECL_b, KU302804.1	Aeromonas	0	0	0	edge_4015
Col(pHAD28)_1, Similar to NZ_CP024513.1	Comamonas	0	0	0	edge_3939
Col(pHAD28)_1, Similar to NZ_CP024513.1	Escherichia	0	0	0	edge_3939
Col(pHAD28)_1, Similar to NZ_CP024513.1	Acinetobacter	0	0	0	edge_3939
Col(pHAD28)_1, Similar to NZ_CP024513.1	Enterobacter	0	0	0	edge_3939
Col(pHAD28)_1, Similar to NZ_CP024513.1	Aeromonas	0	0	0	edge_3939
Col(pHAD28)_1, Similar to NZ_CP024513.1	Kerstersia	0	0	0	edge_3939
pSCZE, NZ_CP051223.1	Comamonas	0	0	0	edge_4030
pSCZE, NZ_CP051223.1	Acinetobacter	0	0	0	edge_4030
pSCZE, NZ_CP051223.1	Enterobacter	0	0	0	edge_4030
pSCZE, NZ_CP051223.1	Aeromonas	0	0	0	edge_4030
Col(Ye4449)_1, pD16KP0008-2, CP052383.1	Pseudomonas	0	0	0	edge_2868
Col(Ye4449)_1, pD16KP0008-2, CP052383.1	Comamonas	0	0	0	edge_2868
Col(Ye4449)_1, pD16KP0008-2, CP052383.1	Escherichia	0	0	0	edge_2868
Col(Ye4449)_1, pD16KP0008-2, CP052383.1	Acinetobacter	0	0	0	edge_2868
Col(Ye4449)_1, pD16KP0008-2, CP052383.1	Enterobacter	0	0	0	edge_2868
Col(Ye4449)_1, pD16KP0008-2, CP052383.1	Aeromonas	0	0	0	edge_2868
Col(Ye4449)_1, pD16KP0008-2, CP052383.1	Proteus	0	0	0	edge_2868
Col(Ye4449)_1, pD16KP0008-2, CP052383.1	Kerstersia	0	0	0	edge_2868
pPvu1, NC_002632.1	Comamonas	0	0	0	edge_3809
pPvu1, NC_002632.1	Klebsiella	0	0	0	edge_3809
pPvu1, NC_002632.1	Acinetobacter	0	0	0	edge_3809
pPvu1, NC_002632.1	Enterobacter	0	0	0	edge_3809
pPvu1, NC_002632.1	Aeromonas	0	0	0	edge_3809
Similar to NZ_CP033826.1	Pseudomonas	0	0	0	edge_2867
Similar to NZ_CP033826.1	Comamonas	0	0	0	edge_2867
Similar to NZ_CP033826.1	Klebsiella	0	0	0	edge_2867
Similar to NZ_CP033826.1	Escherichia	0	0	0	edge_2867
Similar to NZ_CP033826.1	Acinetobacter	0	0	0	edge_2867
Similar to NZ_CP033826.1	Enterobacter	0	0	0	edge_2867
Similar to NZ_CP033826.1	Aeromonas	0	0	0	edge_2867
Similar to NZ_CP033826.1	Kerstersia	0	0	0	edge_2867
Col(pHAD28)_1, pD16KP0025-3, CP052378.1	Pseudomonas	0	0	0	edge_4008
Col(pHAD28)_1, pD16KP0025-3, CP052378.1	Comamonas	0	0	0	edge_4008
Col(pHAD28)_1, pD16KP0025-3, CP052378.1	Escherichia	0	0	0	edge_4008
Col(pHAD28)_1, pD16KP0025-3, CP052378.1	Acinetobacter	0	0	0	edge_4008
Col(pHAD28)_1, pD16KP0025-3, CP052378.1	Enterobacter	0	0	0	edge_4008
Col(pHAD28)_1, pD16KP0025-3, CP052378.1	Aeromonas	0	0	0	edge_4008
Col(pHAD28)_1, pD16KP0025-3, CP052378.1	Proteus	0	0	0	edge_4008
Col(pHAD28)_1, pD16KP0025-3, CP052378.1	Kerstersia	0	0	0	edge_4008
pACI-a283, NZ_CP026422.1	Pseudomonas	0	0	0	edge_3967
pACI-a283, NZ_CP026422.1	Comamonas	0	0	0	edge_3967
pACI-a283, NZ_CP026422.1	Klebsiella	0	0	0	edge_3967
pACI-a283, NZ_CP026422.1	Escherichia	0	0	0	edge_3967
pACI-a283, NZ_CP026422.1	Acinetobacter	0	0	0	edge_3967
pACI-a283, NZ_CP026422.1	Enterobacter	0	0	0	edge_3967
pACI-a283, NZ_CP026422.1	Proteus	0	0	0	edge_3967
pACI-a283, NZ_CP026422.1	Kerstersia	0	0	0	edge_3967
